{
  "dailydialog": {
    "accuracy": 0.8337209302325581,
    "f1_macro": 0.7616029971325402,
    "avg_ms": 0.05463982881281467,
    "confusion_matrix": [
      [
        338,
        76,
        283,
        21
      ],
      [
        56,
        930,
        210,
        82
      ],
      [
        184,
        202,
        3099,
        49
      ],
      [
        7,
        83,
        34,
        2086
      ]
    ]
  },
  "edge_cases": {
    "accuracy": 1.0,
    "failures": [],
    "avg_ms": 0.04909691108170793
  }
}